<beans xmlns="http://www.springframework.org/schema/beans"
	xmlns:batch="http://www.springframework.org/schema/batch" 
	xmlns:task="http://www.springframework.org/schema/task"
	xmlns:xsi="http://www.w3.org/2001/XMLSchema-instance"
	xsi:schemaLocation="http://www.springframework.org/schema/batch
	http://www.springframework.org/schema/batch/spring-batch-2.2.xsd
	http://www.springframework.org/schema/beans 
	http://www.springframework.org/schema/beans/spring-beans-3.2.xsd">

  <bean id="student" class="com.bvk.model.Student" scope="prototype" />
  
  <!-- <bean id="itemProcessor" class="com.bvk.processor.CustomItemProcessor"/> -->
  
  <batch:job id="reportJob">
	<batch:step id="step1">
	  <batch:tasklet>
		<batch:chunk reader="mySqlItemReader" writer="flatFileItemWriter"
			commit-interval="2">
		</batch:chunk>
	  </batch:tasklet>
	</batch:step>
  </batch:job>

  <bean id="mySqlItemReader" class = "org.springframework.batch.item.database.JdbcCursorItemReader" > 
      <property name = "dataSource" ref = "dataSource" />
      <property name = "sql" value = "select * from student" />
      <property name = "rowMapper">
         <bean class = "com.bvk.rowmapper.StudentRowMapper"/>
      </property> 
   </bean>

<bean id = "flatFileItemWriter" 
      class = " org.springframework.batch.item.file.FlatFileItemWriter">      
      <property name = "resource" value = "file:C:\wsNewSpring\SpringBatchDbToCsv\student_output.csv"/> 
      <property name = "lineAggregator">
         <bean class = " org.springframework.batch.item.file.transform.PassThroughLineAggregator"/> 
      </property> 
</bean>

</beans>