<beans xmlns="http://www.springframework.org/schema/beans"
	xmlns:batch="http://www.springframework.org/schema/batch" 
	xmlns:task="http://www.springframework.org/schema/task"
	xmlns:xsi="http://www.w3.org/2001/XMLSchema-instance"
	xsi:schemaLocation="http://www.springframework.org/schema/batch
	http://www.springframework.org/schema/batch/spring-batch-2.2.xsd
	http://www.springframework.org/schema/beans 
	http://www.springframework.org/schema/beans/spring-beans-3.2.xsd">

  <bean id="student" class="com.bvk.model.Student" scope="prototype" />
  
 <batch:job id="reportJob">
	<batch:step id="step1">
	  <batch:tasklet>
		<batch:chunk reader="dbItemReader" writer="mysqlItemWriter"
			commit-interval="2">
		</batch:chunk>
	  </batch:tasklet>
	</batch:step>
  </batch:job>

<bean id = "dbItemReader" 
      class = "org.springframework.batch.item.database.JdbcCursorItemReader" scope = "step"> 
      <property name = "dataSource" ref = "dataSource" /> 
      <property name = "sql" value = "select * from student" /> 
      <property name = "rowMapper"> 
         <bean class = "com.bvk.rowmapper.StudentRowMapper" />
      </property> 
   </bean>             
   <bean id = "mysqlItemWriter" 
      class = "org.springframework.batch.item.xml.StaxEventItemWriter"> 
      <property name = "resource" value = "file:C:\wsNewSpring\SpringBatchDbToXML\students.xml" /> 
      <property name = "marshaller" ref = "reportMarshaller" />
      <property name = "rootTagName" value = "students" /> 
   </bean>  
   
   <bean id = "reportMarshaller" class = "org.springframework.oxm.jaxb.Jaxb2Marshaller"> 
      <property name = "classesToBeBound"> 
         <list> 
            <value>com.bvk.model.Student</value>
         </list> 
      </property> 
   </bean>

</beans>