<?xml version="1.0" encoding="UTF-8"?>
<beans xmlns="http://www.springframework.org/schema/beans"
       xmlns:xsi="http://www.w3.org/2001/XMLSchema-instance"
       xmlns:aop="http://www.springframework.org/schema/aop"
       xsi:schemaLocation="http://www.springframework.org/schema/beans
       http://www.springframework.org/schema/beans/spring-beans-3.1.xsd
       http://www.springframework.org/schema/aop
       http://www.springframework.org/schema/aop/spring-aop-3.1.xsd">
<!-- Aspects -->
    <bean id="beforeCall" class="com.springforbeginners.aop.LogBeforeCall" />
    <bean id="afterCall" class="com.springforbeginners.aop.LogAfterReturning" />
    <bean id="throwCall" class="com.springforbeginners.aop.LogAfterThrows" />
    <bean id="aroundCall" class="com.springforbeginners.aop.LogAround" />

<!-- Implementation Class com.springforbeginners.service.ProductImpl -->

    <bean id="productImpl" class="com.springforbeginners.aop.ProductImpl" />

<!-- Proxy Implementation Class -->
    <bean id="product" class="org.springframework.aop.framework.ProxyFactoryBean">
        <property name="target">
            <ref bean="productImpl"/>
        </property>

        <property name="interceptorNames">
            <list>
                <value>beforeCall</value>
                <value>afterCall</value>
                <value>throwCall</value>
                <value>aroundCall</value>
            </list>
        </property>

        <property name="proxyInterfaces">
            <value>com.springforbeginners.aop.Product</value>
        </property>
    </bean>
</beans>