<?xml version="1.0" encoding="UTF-8"?>
<metadata modelVersion="1.1.0">
  <groupId>org.springframework.integration</groupId>
  <artifactId>spring-integration-bom</artifactId>
  <version>5.1.2.BUILD-SNAPSHOT</version>
  <versioning>
    <snapshot>
      <timestamp>20181210.030335</timestamp>
      <buildNumber>14</buildNumber>
    </snapshot>
    <lastUpdated>20181210031138</lastUpdated>
    <snapshotVersions>
      <snapshotVersion>
        <extension>pom</extension>
        <value>5.1.2.BUILD-20181210.030335-14</value>
        <updated>20181210030335</updated>
      </snapshotVersion>
      <snapshotVersion>
        <extension>txt</extension>
        <value>5.1.2.BUILD-20181210.030335-14</value>
        <updated>20181210030335</updated>
      </snapshotVersion>
    </snapshotVersions>
  </versioning>
</metadata>
