<?xml version="1.0" encoding="UTF-8"?>
<beans xmlns="http://www.springframework.org/schema/beans"
       xmlns:xsi="http://www.w3.org/2001/XMLSchema-instance"
       xsi:schemaLocation="http://www.springframework.org/schema/beans
       http://www.springframework.org/schema/beans/spring-beans-2.5.xsd">
       
    <!-- <bean id="arithImp" class="com.javalearning.entity.SecondArith"/> -->
    <bean id="emp" class="com.javalearning.entity.Employee" dependency-check="default">
    	<property name="empid" value="1"/>
    	<property name="name" value="bvk"/>
    	<!-- <property name="address" ref="address"/> -->
    	<property name="salary" value="150000"/>
    </bean>
    
    <bean id="address" class="com.javalearning.entity.Address">
    	<property name="city" value="Hyderabad"/>
    </bean>
</beans>