<?xml version="1.0" encoding="UTF-8"?>
<metadata modelVersion="1.1.0">
  <groupId>org.springframework.data</groupId>
  <artifactId>spring-data-releasetrain</artifactId>
  <version>Lovelace-SNAPSHOT</version>
  <versioning>
    <snapshot>
      <timestamp>20181210.032800</timestamp>
      <buildNumber>540</buildNumber>
    </snapshot>
    <lastUpdated>20181210033337</lastUpdated>
    <snapshotVersions>
      <snapshotVersion>
        <extension>pom</extension>
        <value>Lovelace-BUILD-20181210.032800-540</value>
        <updated>20181210032800</updated>
      </snapshotVersion>
    </snapshotVersions>
  </versioning>
</metadata>
