<?xml version="1.0" encoding="UTF-8"?>
<beans xmlns="http://www.springframework.org/schema/beans"
       xmlns:xsi="http://www.w3.org/2001/XMLSchema-instance"
       xsi:schemaLocation="http://www.springframework.org/schema/beans
       http://www.springframework.org/schema/beans/spring-beans-2.5.xsd">
     
    <!-- <bean id="address" name="latest, another" class="com.javalearning.entity.Address"/> -->

    <bean id="bean1" class="com.javalearning.entity.Bean1" scope="prototype">
    	<property name="msg1" value="Hi!"/>
    	<property name="msg2" value="Hello"/>
    </bean>
    
	<bean id="bean2" class="com.javalearning.entity.Bean2" parent="bean1">
    	<property name="msg3" value="bye!"/>
    	<property name="msg4" value="Goodnight"/>
    </bean>
</beans>