<?xml version="1.0" encoding="UTF-8"?>
<metadata modelVersion="1.1.0">
  <groupId>org.springframework.boot</groupId>
  <artifactId>spring-boot-starters</artifactId>
  <version>2.2.0.BUILD-SNAPSHOT</version>
  <versioning>
    <snapshot>
      <timestamp>20181209.114019</timestamp>
      <buildNumber>25</buildNumber>
    </snapshot>
    <lastUpdated>20181209114020</lastUpdated>
    <snapshotVersions>
      <snapshotVersion>
        <extension>pom</extension>
        <value>2.2.0.BUILD-20181209.114019-25</value>
        <updated>20181209114019</updated>
      </snapshotVersion>
      <snapshotVersion>
        <classifier>starter-poms</classifier>
        <extension>zip</extension>
        <value>2.2.0.BUILD-20181209.114019-25</value>
        <updated>20181209114019</updated>
      </snapshotVersion>
    </snapshotVersions>
  </versioning>
</metadata>
