<?xml version="1.0" encoding="UTF-8"?>
<beans
	xmlns="http://www.springframework.org/schema/beans"
	xmlns:xsi="http://www.w3.org/2001/XMLSchema-instance"
	xmlns:p="http://www.springframework.org/schema/p"
	xsi:schemaLocation="http://www.springframework.org/schema/beans http://www.springframework.org/schema/beans/spring-beans-3.1.xsd">

	
		
	<bean id="empl" class="com.javalearning.entity.Employee" scope="prototype">
		<property name="empid">
			<value type="int">1</value>
		</property>
		
		<property name="certifications">
			<set>
				<value>OCJP</value>
				<value>OCPWCD</value>
			</set>
		</property>
		
		<property name="name">
			<value type="java.lang.String">Bhalchandra</value>
		</property>
		
		<property name="salary">
			<value type="float">80000</value>
		</property>
		
	</bean>
	
	<bean id="stud" class="com.javalearning.entity.Student">
		<property name="record">
			<map>
				<entry key="1" value="90.56"/>
				<entry key="2" value="88.56"/>
			</map>
		</property>
		
    </bean>
	
	<bean id="conn" class="com.javalearning.dao.DBUtil">
		<property name="dbProperties">
			<props>
				<prop key="url" >jdbc:oracle:thin:@localhost:1521:XE</prop>
				<prop key="username">bvk</prop>
				<prop key="password">bvk</prop>
				<prop key="driver">oracle.jdbc.driver.OracleDriver</prop>
			</props>
		</property>  
	</bean>
	
	<bean id="emp" class="com.javalearning.entity.Empl" init-method="init" destroy-method="destroy"/>
	</beans>