<?xml version="1.0" encoding="UTF-8"?>
<metadata modelVersion="1.1.0">
  <groupId>org.springframework.security</groupId>
  <artifactId>spring-security-bom</artifactId>
  <version>5.1.3.BUILD-SNAPSHOT</version>
  <versioning>
    <snapshot>
      <timestamp>20181210.073024</timestamp>
      <buildNumber>19</buildNumber>
    </snapshot>
    <lastUpdated>20181210073124</lastUpdated>
    <snapshotVersions>
      <snapshotVersion>
        <classifier>javadoc</classifier>
        <extension>jar</extension>
        <value>5.1.3.BUILD-20181210.073024-19</value>
        <updated>20181210073024</updated>
      </snapshotVersion>
      <snapshotVersion>
        <classifier>sources</classifier>
        <extension>jar</extension>
        <value>5.1.3.BUILD-20181210.073024-19</value>
        <updated>20181210073024</updated>
      </snapshotVersion>
      <snapshotVersion>
        <extension>jar</extension>
        <value>5.1.3.BUILD-20181210.073024-19</value>
        <updated>20181210073024</updated>
      </snapshotVersion>
      <snapshotVersion>
        <extension>pom</extension>
        <value>5.1.3.BUILD-20181210.073024-19</value>
        <updated>20181210073024</updated>
      </snapshotVersion>
      <snapshotVersion>
        <extension>txt</extension>
        <value>5.1.3.BUILD-20181210.073024-19</value>
        <updated>20181210073024</updated>
      </snapshotVersion>
    </snapshotVersions>
  </versioning>
</metadata>
