<?xml version="1.0" encoding="UTF-8"?>
<metadata modelVersion="1.1.0">
  <groupId>org.springframework.boot</groupId>
  <artifactId>spring-boot-dependencies</artifactId>
  <version>2.2.0.BUILD-SNAPSHOT</version>
  <versioning>
    <snapshot>
      <timestamp>20181209.113941</timestamp>
      <buildNumber>25</buildNumber>
    </snapshot>
    <lastUpdated>20181209113941</lastUpdated>
    <snapshotVersions>
      <snapshotVersion>
        <extension>pom</extension>
        <value>2.2.0.BUILD-20181209.113941-25</value>
        <updated>20181209113941</updated>
      </snapshotVersion>
    </snapshotVersions>
  </versioning>
</metadata>
