<beans xmlns="http://www.springframework.org/schema/beans"
	xmlns:batch="http://www.springframework.org/schema/batch" 
	xmlns:util="http://www.springframework.org/schema/util" 
	xmlns:xsi="http://www.w3.org/2001/XMLSchema-instance"
	xsi:schemaLocation="http://www.springframework.org/schema/batch
		http://www.springframework.org/schema/batch/spring-batch.xsd
		http://www.springframework.org/schema/beans 
		http://www.springframework.org/schema/beans/spring-beans.xsd
		http://www.springframework.org/schema/util 
		http://www.springframework.org/schema/util/spring-util.xsd">

    <batch:job id="reportJob">
	<batch:step id="step1">
	  <batch:tasklet>
		<batch:chunk reader="xmlItemReader" writer="mysqlItemWriter"
			commit-interval="1">
		</batch:chunk>
	  </batch:tasklet>
	</batch:step>
    </batch:job>

    <!-- Read XML file -->
    <bean id="xmlItemReader" 
        class="org.springframework.batch.item.xml.StaxEventItemReader">
	<property name="fragmentRootElementName" value="record" />
	<property name="resource" value="classpath:student.xml" />
	<property name="unmarshaller" ref="reportUnmarshaller" />
    </bean>

    <!-- Maps XML values to Object -->
    <bean id="reportUnmarshaller" 
        class="org.springframework.oxm.xstream.XStreamMarshaller">
	<property name="aliases">
	  <util:map id="aliases">
		<entry key="record" value="com.bvk.model.Student" />
	  </util:map>
	</property>

        <!-- attach a custom converter -->
	<property name="converters">
	  <array>
		<ref bean="reportConverter" />
	  </array>
	</property>

    </bean>

    <bean id="reportConverter" class="com.bvk.converter.StudentConverter" />

     <bean id="mysqlItemWriter"
	class="org.springframework.batch.item.database.JdbcBatchItemWriter">
	<property name="dataSource" ref="dataSource" />
	<property name="sql">
	  <value>
            <![CDATA[        
            	insert into STUDENT(ROLLNO,NAME,BRANCH,PERCENT) 
			values (:rollno, :name, :branch, :percent)
            ]]>
	  </value>
	</property>
	<!-- It will take care matching between object property and sql name parameter -->
	<property name="itemSqlParameterSourceProvider">
		<bean
		class="org.springframework.batch.item.database.BeanPropertyItemSqlParameterSourceProvider" />
	</property>
  </bean>
	
</beans>