<beans xmlns="http://www.springframework.org/schema/beans"
	xmlns:batch="http://www.springframework.org/schema/batch" 
	xmlns:xsi="http://www.w3.org/2001/XMLSchema-instance"
	xsi:schemaLocation="http://www.springframework.org/schema/batch
		http://www.springframework.org/schema/batch/spring-batch.xsd
		http://www.springframework.org/schema/beans 
		http://www.springframework.org/schema/beans/spring-beans.xsd">

	<!-- spring batch context -->
	<bean id="jobRepository"
		class="org.springframework.batch.core.repository.support.MapJobRepositoryFactoryBean">
		<property name="transactionManager" ref="transactionManager" />
	</bean>

	<bean id="transactionManager"
		class="org.springframework.batch.support.transaction.ResourcelessTransactionManager" />

	<bean id="jobLauncher"
		class="org.springframework.batch.core.launch.support.SimpleJobLauncher">
		<property name="jobRepository" ref="jobRepository" />
	</bean>

	<!-- Must set this -->
	<bean
		class="org.springframework.batch.core.configuration.support.JobRegistryBeanPostProcessor">
		<property name="jobRegistry" ref="jobRegistry" />
	</bean>

	<bean id="jobRegistry"
		class="org.springframework.batch.core.configuration.support.MapJobRegistry" />
	<!-- spring batch context -->

	<bean id="student" class="com.bvk.model.Student" scope="prototype" />

	<bean id="customWriter" class="com.bvk.writer.CustomWriter" />

	<batch:job id="reportJob">
		<batch:step id="step1">
			<batch:tasklet>
				<batch:chunk reader="cvsFileItemReader" writer="customWriter"
					commit-interval="10">
				</batch:chunk>
			</batch:tasklet>
		</batch:step>
	</batch:job>

	<bean id="cvsFileItemReader" class="org.springframework.batch.item.file.FlatFileItemReader">

		<!-- Read a csv file -->
		<property name="resource" value="file:C:\wsNewSpring\SpringBatchQuartz\src\student.csv" />

		<property name="lineMapper">
			<bean class="org.springframework.batch.item.file.mapping.DefaultLineMapper">
				<property name="lineTokenizer">
					<bean
						class="org.springframework.batch.item.file.transform.DelimitedLineTokenizer">
						<property name="names" value="rollno,name,branch,percent" />
					</bean>
				</property>
				<property name="fieldSetMapper">
					<bean
						class="org.springframework.batch.item.file.mapping.BeanWrapperFieldSetMapper">
						<property name="prototypeBeanName" value="student" />
					</bean>
				</property>
			</bean>
		</property>

	</bean>

	<bean class="org.springframework.scheduling.quartz.SchedulerFactoryBean">
		<property name="triggers">
			<bean id="cronTrigger" class="org.springframework.scheduling.quartz.CronTriggerBean">
				<property name="jobDetail" ref="jobDetail" />
				<property name="cronExpression" value="*/5 * * * * ?" />
			</bean>
		</property>
	</bean>

	<bean id="jobDetail" class="org.springframework.scheduling.quartz.JobDetailBean">
		<property name="jobClass" value="com.bvk.launcher.JobLauncherDetails" />
		<property name="group" value="quartz-batch" />
		<property name="jobDataAsMap">
			<map>
				<entry key="jobName" value="reportJob" />
				<entry key="jobLocator" value-ref="jobRegistry" />
				<entry key="jobLauncher" value-ref="jobLauncher" />
			</map>
		</property>
	</bean>

</beans>
