<?xml version="1.0" encoding="UTF-8"?>
<!DOCTYPE hibernate-configuration PUBLIC
 '-//Hibernate/Hibernate Configuration DTD//EN' 
 'http://hibernate.sourceforge.net/hibernate-configuration-3.0.dtd'>
<hibernate-configuration>
	<session-factory>
		<property name="connection.driver_class">oracle.jdbc.driver.OracleDriver</property>
		<property name="connection.url">jdbc:oracle:thin:@127.0.0.1:1521:XE</property>
		<property name="connection.username">bvk</property>
		<property name="connection.password">bvk</property>
		<property name="dialect">org.hibernate.dialect.Oracle9iDialect</property>
		<property name="hibernate.show_sql">true</property>
		<property name="hbm2ddl.auto">update</property>
		<mapping resource="product.hbm.xml"/>
		<mapping resource="student.hbm.xml"/>
	</session-factory>
</hibernate-configuration>