<!-- <beans xmlns="http://www.springframework.org/schema/beans"
	xmlns:xsi="http://www.w3.org/2001/XMLSchema-instance"
	xsi:schemaLocation="
	http://www.springframework.org/schema/beans 
	http://www.springframework.org/schema/beans/spring-beans"> -->

<beans xmlns="http://www.springframework.org/schema/beans"
	xmlns:ctx="http://www.springframework.org/schema/context"
	xmlns:xsi="http://www.w3.org/2001/XMLSchema-instance"
	xsi:schemaLocation="http://www.springframework.org/schema/beans 
	http://www.springframework.org/schema/beans/spring-beans-2.5.xsd
	http://www.springframework.org/schema/context
	http://www.springframework.org/schema/context/spring-context-2.5.xsd ">
  <!-- stored job-metadata in database -->
  <bean id="jobRepository"
	class="org.springframework.batch.core.repository.support.JobRepositoryFactoryBean">
	<property name="dataSource" ref="dataSource" />
	<property name="transactionManager" ref="transactionManager" />
	<property name="databaseType" value="mysql" />
  </bean>

  <bean id="jobLauncher"
	class="org.springframework.batch.core.launch.support.SimpleJobLauncher">
	<property name="jobRepository" ref="jobRepository" />
  </bean>

</beans>