<beans xmlns="http://www.springframework.org/schema/beans"
	xmlns:batch="http://www.springframework.org/schema/batch" 
	xmlns:task="http://www.springframework.org/schema/task"
	xmlns:xsi="http://www.w3.org/2001/XMLSchema-instance"
	xsi:schemaLocation="http://www.springframework.org/schema/batch
	http://www.springframework.org/schema/batch/spring-batch-2.2.xsd
	http://www.springframework.org/schema/beans 
	http://www.springframework.org/schema/beans/spring-beans-3.2.xsd">

  <bean id="student" class="com.bvk.model.Student" scope="prototype" />
    
  <batch:job id="reportJob">
	<batch:step id="step1">
	  <batch:tasklet>
		<batch:chunk reader="cvsFileItemReader" writer="mysqlItemWriter"
			commit-interval="2">
		</batch:chunk>
	  </batch:tasklet>
	</batch:step>
  </batch:job>

  <bean id="cvsFileItemReader" class="org.springframework.batch.item.file.FlatFileItemReader">

	<!-- Read a csv file -->
	<property name="resource" value="file:C:\wsNewSpring\Spring-Batch-csvToDB\student.csv" />

	<property name="lineMapper">
		<bean class="org.springframework.batch.item.file.mapping.DefaultLineMapper">
		  <!-- split it -->
		  <property name="lineTokenizer">
		        <bean
			  class="org.springframework.batch.item.file.transform.DelimitedLineTokenizer">
				<property name="names" value="rollno,name,branch,percent" />
			</bean>
		  </property>
		  <property name="fieldSetMapper">   
		        
			  <!-- map to an object -->
			  <bean
			    class="org.springframework.batch.item.file.mapping.BeanWrapperFieldSetMapper">
				<property name="prototypeBeanName" value="student" />
			  </bean>			
		  </property>

		  </bean>
	  </property>

  </bean>

  <bean id="mysqlItemWriter"
	class="org.springframework.batch.item.database.JdbcBatchItemWriter">
	<property name="dataSource" ref="dataSource" />
	<property name="sql">
	  <value>
            <![CDATA[
            	insert into STUDENT(ROLLNO,NAME,BRANCH,PERCENT) 
			values (:rollno, :name, :branch, :percent)
            ]]>
	  </value>
	</property>
	<!-- It will take care matching between object property and sql name parameter -->
	<property name="itemSqlParameterSourceProvider">
		<bean
		class="org.springframework.batch.item.database.BeanPropertyItemSqlParameterSourceProvider" />
	</property>
  </bean>
</beans>