<?xml version="1.0" encoding="UTF-8"?>
<beans xmlns="http://www.springframework.org/schema/beans"
	xmlns:xsi="http://www.w3.org/2001/XMLSchema-instance"
	xsi:schemaLocation="http://www.springframework.org/schema/beans 
	http://www.springframework.org/schema/beans/spring-beans-2.5.xsd ">

<bean id="dataSource" class="org.springframework.jdbc.datasource.DriverManagerDataSource"> 
    <property name="driverClassName"> 
       <value>com.mysql.jdbc.Driver</value> 
    </property> 
 <property name="url"> 
       <value>jdbc:mysql://localhost:3306/codingtondb</value> 
    </property> 
    <property name="username"> 
       <value>root</value> 
    </property> 
    <property name="password"> 
       <value>root123</value> 
    </property> 
  </bean> 


  <bean id="datacon"  class="com.accenture.adfx.module5.datacon.DataConImpl"> 
    <property name="dataSource"> 
        <ref local="dataSource"/> 
    </property> 
  </bean>
	
</beans>